{"cameraMode":{"drawMode":0,"name":"Shaded","section":"Shading Mode"},"sceneLighting":false,"audioPlay":false,"sceneViewState":{"m_AlwaysRefresh":false,"showFog":false,"showSkybox":false,"showFlares":false,"showImageEffects":false,"showParticleSystems":false,"showVisualEffectGraphs":true,"m_FxEnabled":true},"in2DMode":false,"pivot":{"x":-0.000032901763916015625,"y":0.7305867671966553,"z":0.13713055849075318},"rotation":{"x":0.002068018075078726,"y":0.9856100082397461,"z":-0.16867873072624207,"w":0.012139120139181614},"size":1.228328824043274,"orthographic":true}