{"cameraMode":{"drawMode":0,"name":"Shaded","section":"Shading Mode"},"sceneLighting":true,"audioPlay":false,"sceneViewState":{"m_AlwaysRefresh":false,"showFog":true,"showSkybox":true,"showFlares":true,"showImageEffects":true,"showParticleSystems":true,"showVisualEffectGraphs":true,"m_FxEnabled":true},"in2DMode":false,"pivot":{"x":47.7935676574707,"y":129.2052001953125,"z":298.3700256347656},"rotation":{"x":-0.06743643432855606,"y":-0.020332345739006997,"z":0.0013921880163252354,"w":-0.9975471496582031},"size":171.8627471923828,"orthographic":false}