{"cameraMode":{"drawMode":0,"name":"Shaded","section":"Shading Mode"},"sceneLighting":false,"audioPlay":false,"sceneViewState":{"m_AlwaysRefresh":false,"showFog":true,"showSkybox":false,"showFlares":true,"showImageEffects":true,"showParticleSystems":true,"showVisualEffectGraphs":true,"m_FxEnabled":true},"in2DMode":false,"pivot":{"x":1.2960000038146973,"y":-0.6241899728775024,"z":4.7270002365112309},"rotation":{"x":-0.08501069992780686,"y":-0.8742942214012146,"z":0.16589340567588807,"w":-0.44821926951408389},"size":72.91130828857422,"orthographic":true}