{"cameraMode":{"drawMode":0,"name":"Shaded","section":"Shading Mode"},"sceneLighting":true,"audioPlay":false,"sceneViewState":{"m_AlwaysRefresh":false,"showFog":true,"showSkybox":true,"showFlares":true,"showImageEffects":true,"showParticleSystems":true,"showVisualEffectGraphs":true,"m_FxEnabled":true},"in2DMode":false,"pivot":{"x":1.4887853860855103,"y":-0.860407829284668,"z":-5.754144668579102},"rotation":{"x":-0.21872417628765107,"y":-0.00494304858148098,"z":0.001134001649916172,"w":-0.9758157134056091},"size":1.819459080696106,"orthographic":true}