{"cameraMode":{"drawMode":0,"name":"Shaded","section":"Shading Mode"},"sceneLighting":true,"audioPlay":false,"sceneViewState":{"m_AlwaysRefresh":false,"showFog":true,"showSkybox":true,"showFlares":true,"showImageEffects":true,"showParticleSystems":true,"showVisualEffectGraphs":true,"m_FxEnabled":true},"in2DMode":false,"pivot":{"x":1.6970219612121583,"y":-0.695503294467926,"z":0.34573662281036379},"rotation":{"x":-0.18857824802398683,"y":0.08916939049959183,"z":-0.017169132828712465,"w":-0.9778928160667419},"size":7.949815273284912,"orthographic":true}