{"cameraMode":{"drawMode":0,"name":"Shaded","section":"Shading Mode"},"sceneLighting":false,"audioPlay":false,"sceneViewState":{"m_AlwaysRefresh":false,"showFog":false,"showSkybox":false,"showFlares":false,"showImageEffects":false,"showParticleSystems":false,"showVisualEffectGraphs":true,"m_FxEnabled":true},"in2DMode":false,"pivot":{"x":-0.11667704582214356,"y":0.8246252536773682,"z":0.006700724363327026},"rotation":{"x":-0.005658410489559174,"y":-0.9904118776321411,"z":0.1315010040998459,"w":-0.042840223759412768},"size":1.4812934398651124,"orthographic":true}